{"model_name": "xlm-roberta-base", "num_outputs": 46, "labels": ["Loaded_Language", "Name_Calling-Labeling", "Repetition", "Slogans", "Appeal_to_Fear-Prejudice", "Flag_Waving", "Causal_Oversimplification", "Appeal_to_Authority", "Appeal_to_Values", "Doubt", "Exaggeration-Minimisation", "Guilt_by_Association", "False_Dilemma-No_Choice", "Straw_Man", "Red_Herring", "Whataboutism", "Obfuscation-Vagueness-Confusion", "Appeal_to_Time", "Conversation_Killer", "Appeal_to_Popularity", "Appeal_to_Hypocrisy", "Consequential_Oversimplification", "Questioning_the_Reputation"], "pos_weight": [100.0, 32.44931411743164, 100.0, 55.36186599731445, 100.0, 100.0, 100.0, 100.0, 100.0, 46.63603210449219, 100.0, 100.0, 100.0, 99.9463119506836, 100.0, 88.37732696533203, 100.0, 94.0036849975586, 100.0, 15.298007011413574, 100.0, 90.18112182617188, 100.0, 100.0, 100.0, 100.0, 100.0, 100.0, 100.0, 100.0, 100.0, 100.0, 100.0, 100.0, 100.0, 100.0, 100.0, 100.0, 100.0, 100.0, 100.0, 52.834224700927734, 100.0, 100.0, 100.0, 24.726655960083008]}